{"Ravenclaw": [-3.2984737333244, -0.29002181591593207, 0.9700468009893842], "Slytherin": [-1.8961900494068074, -4.9759323358695235, -0.13957369639806275], "Gryffindor": [1.1378719418015888, -4.556141530474295, 2.8250300732356646], "Hufflepuff": [0.0, 0.0, 0.0]}