{"Slytherin": [3.9971179414602043, -2.710517371426432, -1.027579516851897, 0.7807463847389687, 1.9990659234620967, -0.8077626536936902, 2.886818425733258, 5.3341612666044265, -3.0840081117568414, -1.9185208783010481, 3.6754983882851406, -5.255595278293519, 1.249096308416436], "Gryffindor": [-4.020041017500393, 4.718841235705419, -3.424440918719406, -1.3221709342889374, 0.19193533829418377, -2.693543332152926, 4.720553082719997, 1.0747804432591304, -1.5508505929090786, -5.3095902472238015, -3.8072313583944566, 0.9467821165340148, -2.6338384951902207], "Hufflepuff": [1.9726045796820757, -0.5759451410388873, 1.3569702112316644, -1.129819935336855, 3.6342525472104104, -0.5752804038461545, -4.152182583345331, 0.5940932193165621, -2.890228241963508, -2.6676573551128637, -1.373772960372252, -1.6512645230719019, -0.3692765303768544], "Ravenclaw": [0.0, 0.0, 0.0, 0.0, 0.0, 0.0, 0.0, 0.0, 0.0, 0.0, 0.0, 0.0, 0.0]}