{"Gryffindor": [0.6349985876213026, -3.417616553441311, 1.8999048796820743], "Ravenclaw": [-2.30146261048127, 1.1958045002769127, 3.7515392846634827], "Slytherin": [-3.350351423086395, -2.657605033191632, 0.7607170427386014], "Hufflepuff": [0.0, 0.0, 0.0]}