{"Slytherin": [-0.2275304923910773, -2.2719635489524377, -2.82983359398963], "Gryffindor": [2.6439813781045247, -2.485447542967135, 0.27188071263448327], "Hufflepuff": [3.178568364003469, 0.6589658744293521, -2.9734784402304215], "Ravenclaw": [0.0, 0.0, 0.0]}