{"Hufflepuff": [4.7378315137609635, 0.6137035658849498, -1.73138539462299], "Ravenclaw": [1.1879015951250875, 2.458456889999732, 3.078969596971147], "Gryffindor": [4.295916865885751, -1.3452579412313634, 1.3434614125760638], "Slytherin": [0.0, 0.0, 0.0]}