{"0": 39.797130890164766, "1": 1.1410195296768058, "2": 495.747970059158}