{"0": 49634.57024265645, "1": 39.797130890164766, "2": 1.1410195296768058, "3": -0.38786349744178583, "4": 3.1539096732863516, "5": -224.5899148634645, "6": 495.747970059158, "7": 2.9630946151165927, "8": 1030.0969463871313, "9": 5.9503729927800775, "10": -0.0534271367004963, "11": -243.3744090125, "12": 21.958012499999985}