{"mean": {"0": 49634.57024265648, "1": 39.79713089016471, "2": 1.141019529676806, "3": -0.3878634974417859, "4": 3.1539096732863516, "5": -224.5899148634645, "6": 495.74797005915826, "7": 2.9630946151165927, "8": 1030.096946387131, "9": 5.950372992780078, "10": -0.053427136700496265, "11": -243.3744090125, "12": 21.958012499999985}, "std": {"0": 16501.519430595083, "1": 515.0657196248316, "2": 5.165539556571556, "3": 5.162015873475543, "4": 4.155300897977581, "5": 486.3448396520667, "6": 105.11550760219576, "7": 4.425774656123574, "8": 43.65347266632758, "9": 3.118184839535211, "10": 0.9592292057465898, "11": 8.783639876017116, "12": 97.63160206806155}}