{"mean": {"0": 39.79713089016471, "1": 1.141019529676806, "2": 495.74797005915826}, "std": {"0": 515.0657196248316, "1": 5.165539556571556, "2": 105.11550760219576}}